ID|Code|IDPlayer|DayBirth|MonthBirth|YearBirth|Height|Weight|RightHanded|TurnedPro
0|SN54|Si/F/Frederico-Ferreira-Silva|18|3|1995|-1|-1|0|-1
1|N301|Na/D/David-Nalbandian|-1|-1|-1|180|79|1|2000
2|CF25|Co/V/Vlad-Victor-Cornea|24|9|1993|-1|-1|0|-1
3|GB88|Top-Players/David-Goffin|7|12|1990|180|68|1|2009
4|N309|Na/I/Ivan-Navarro|19|10|1981|183|86|1|2001
5|O305|Os/P/Philipp-Oswald|23|1|1986|201|94|1|2005
6|R397|Top-Players/Olivier-Rochus|18|1|1981|168|65|1|1999
7|M680|Top-Players/Xavier-Malisse|19|7|1980|185|83|1|1998
8|Z163|Zi/M/Mehdi-Ziadi|20|9|1986|-1|-1|-1|-1
9|P605|Po/J/Jaroslav-Pospisil|9|2|1981|-1|-1|1|-1
10|SK02|Si/K/Karunuday-Singh|19|11|1990|-1|-1|-1|-1
11|Z168|Zv/M/Mischa-Zverev|22|8|1987|190|81|0|-1
12|E778|Es/W/Walner-Espinoza|20|6|1994|-1|-1|-1|-1
13|Y124|Yo/D/Donald-Young|23|7|1989|183|79|0|2004
14|BG08|Ba/M/Moritz-Baumann|9|5|1987|-1|-1|0|-1
15|E678|Ey/J/Jonathan-Eysseric|27|5|1990|180|80|0|2008
16|K771|Il/M/Marsel-Ilhan|11|6|1987|190|78|1|2006
17|SN53|Su/D/Danyal-Sualehe|8|3|1994|-1|-1|-1|-1
18|Y245|Ya/S/Shao-Chi-Yang|11|6|1996|-1|-1|-1|-1
19|K776|Kr/K/Konstantin-Kravchuk|23|2|1985|190|80|1|2004
20|H693|Ho/R/Ricardo-Hocevar|9|5|1985|180|80|1|2004
21|ML57|Ma/G/Gianluca-Mager|1|12|1994|-1|-1|-1|-1
22|MF57|Mc/M/Michael-Mcclune|22|8|1989|188|84|1|2007
23|L797|La/L/Lukas-Lacko|3|11|1987|185|85|1|2005
24|MA21|Top-Players/Juan-Monaco|29|3|1984|185|81|1|2002
25|D815|De/F/Fabiano-De-Paula|28|11|1988|-1|-1|-1|-1
26|W679|Wa/C/Chieh-Fu-Wang|11|9|1993|-1|-1|-1|-1
27|O234|Od/W/Wayne-Odesnik|21|11|1985|180|77|0|2004
28|L799|Le/J/Jesse-Levine|15|10|1987|175|68|0|2007
29|D424|De/R/Rik-De-Voest|5|6|1980|180|68|1|1999
30|BI99|Bu/M/Moritz-Buerchner|24|4|1990|-1|-1|1|-1
31|SL94|Sa/P/Pedro-Sakamoto|29|6|1993|-1|-1|-1|-1
32|SL95|Sa/R/Rodrigo-Sanchez|19|9|1991|-1|-1|-1|-1
33|SL92|Se/S/Shuichi-Sekiguchi|15|7|1991|-1|-1|-1|-1
34|R782|Re/J/Julian-Reister|2|4|1986|188|87|1|2005
35|W597|Wa/T/Tak-Khunn-Wang|13|10|1991|-1|-1|-1|-1
36|KA98|Kl/B/Bradley-Klahn|20|8|1990|183|75|0|2012
37|C968|Cr/M/Marco-Crugnola|24|5|1983|188|84|1|2004
38|BB20|Bj/I/Ivan-Bjelica|15|2|1984|-1|-1|-1|-1
39|H986|Ko/T/Tom-Kocevar-Desman|10|7|1990|-1|-1|1|-1
40|SK47|Sa/M/Mohamed-Safwat|19|9|1990|183|74|1|-1
41|LC11|La/T/Tristan-Lamasine|5|3|1993|-1|-1|-1|-1
42|O427|Ou/B/Bowen-Ouyang|19|5|1992|-1|-1|-1|-1
43|SP75|Su/D/Dominik-Suc|19|9|1990|-1|-1|1|-1
44|BK68|Ba/F/Francisco-Bahamonde|7|11|1996|-1|-1|-1|-1
45|N604|Ng/N/Nicolas-Ngodrela|6|10|1984|-1|-1|-1|-1
46|BH22|Ba/S/Sam-Barry|27|1|1992|-1|-1|-1|-1
47|T961|Tu/T/Thales-Turini|18|7|1989|-1|-1|-1|-1
48|O420|Ob/D/Dean-Obrien|15|5|1990|-1|-1|-1|-1
49|RA82|Re/Y/Yannik-Reuter|6|3|1991|-1|-1|-1|-1
50|TC58|Ta/C/Chih-Chun-Tang|20|9|1995|-1|-1|-1|-1
51|HA33|He/P/Peter-Heller|12|8|1992|-1|-1|1|-1
52|SG29|Sa/N/Nicolas-Santos|5|1|1988|-1|-1|-1|-1
53|Z248|Zh/D/Dzmitry-Zhyrmont|1|3|1989|-1|-1|-1|-1
54|Z198|Za/C/Caio-Zampieri|27|5|1986|183|79|1|2005
55|H940|Top-Players/Ryan-Harrison|7|5|1992|188|84|1|2007
56|D729|Da/J/Jonathan-Dasnieres-De-Veigy|5|1|1987|175|76|0|2008
57|Y235|Ya/J/Jumpei-Yamasaki|2|7|1997|-1|-1|1|-1
58|L428|Top-Players/Michael-Llodra|18|5|1980|190|80|0|1999
59|SL28|St/J/Jan-Lennard-Struff|25|4|1990|196|87|1|2009
60|U043|Ud/D/Danai-Udomchoke|11|8|1981|173|64|1|1997
61|E701|En/I/Ivan-Endara|4|3|1988|-1|-1|-1|-1
62|E702|Ec/M/Mauricio-Echazu|21|1|1989|-1|-1|-1|-1
63|GD64|Ga/C/Christian-Garin|30|5|1996|183|81|1|-1
64|BE69|Ba/Y/Yan-Bai|21|5|1989|-1|-1|-1|-1
65|BE68|Br/T/Tomislav-Brkic|9|3|1990|185|77|-1|2008
66|SG13|Se/S/Stefan-Seifert|28|2|1985|-1|-1|-1|-1
67|SW13|So/C/Chanchai-Sookton-Eng|25|8|1996|-1|-1|-1|-1
68|P519|Pe/J/Julio-Peralta|9|9|1981|-1|-1|-1|-1
69|SR81|Su/K/Khumoun-Sultanov|27|10|1998|-1|-1|-1|-1
70|CG94|Co/E/Enzo-Couacaud|1|3|1995|-1|-1|1|-1
71|MP13|Mu/S/Sasi-Kumar-Mukund|14|1|1997|-1|-1|1|-1
72|BK41|Bo/P/Punn-Bodhidatta|3|6|1993|-1|-1|1|-1
73|BE67|Ba/M/Mirza-Basic|12|7|1991|188|87|-1|-1
74|BE66|Be/G/Gilad-Ben-Zvi|12|6|1990|-1|-1|-1|-1
75|W522|Wi/R/Rhyne-R-Williams|22|3|1991|185|84|1|2011
76|MO41|Ma/R/Rafael-Matos-MO41|6|1|1996|-1|-1|-1|-1
77|MH78|Mo/S/Sergio-Monges|7|5|1992|-1|-1|-1|-1
78|F580|Fi/M/Martin-Fischer|21|7|1986|180|71|1|2005
79|F586|Fa/T/Thomas-Fabbiano|26|5|1989|173|70|1|2005
80|MJ88|Ma/W/Felipe-Mantilla|10|5|1993|-1|-1|1|-1
81|BC68|Be/P/Philip-Bester|6|10|1988|188|77|1|2006
82|BC65|Ba/M/Matthias-Bachinger|2|4|1987|188|83|1|2005
83|S877|Si/J/Julio-Silva|1|7|1979|173|69|1|1999
84|BC62|Bu/E/Enrico-Burzi|14|1|1981|178|76|1|-1
85|TD51|Ti/F/Francis-Tiafoe|20|1|1998|185|75|1|-1
86|G744|Go/J/Josh-Goodall|17|10|1985|188|74|1|2004
87|PG20|Po/D/Dmitry-Popko|24|10|1996|-1|-1|-1|-1
88|B837|Top-Players/Marcos-Baghdatis|17|6|1985|178|82|1|2003
89|R772|Top-Players/Albert-Ramos-Vinolas|17|1|1988|188|80|0|2007
90|MN23|Me/A/Aleksandre-Metreveli|10|8|1993|-1|-1|1|-1
91|N289|Top-Players/Jarkko-Nieminen|23|7|1981|185|78|0|2000
92|BF98|Be/A/Alessandro-Bega|11|1|1991|-1|-1|-1|-1
93|F886|Fi/J/Jakub-Filipsky|12|6|1995|-1|-1|-1|-1
94|A622|Ar/A/Andrea-Arnaboldi|27|12|1987|175|73|0|2006
95|SJ52|Sc/M/Michal-Schmid|28|11|1988|-1|-1|-1|-1
96|Z349|Za/A/Anton-Zaitcev|22|7|1987|-1|-1|-1|-1
97|SJ55|Sm/J/John-Patrick-Smith|24|1|1989|188|84|0|2012
98|KB14|Ki/K/Kevin-King|28|2|1991|190|86|0|-1
99|T786|Top-Players/Jo-Wilfried-Tsonga|17|4|1985|188|91|1|2004
100|Z346|Zi/R/Robert-Ziganshin|26|10|1995|-1|-1|-1|-1
101|M708|Me/R/Ricardo-Mello|21|12|1980|175|73|0|1999
102|SK94|St/C/Cedrik-Marcel-Stebe|9|10|1990|183|72|0|2010
103|SE73|Su/Y/Yuichi-Sugita|18|9|1988|-1|-1|1|-1
104|SI74|Si/H/Henrik-Sillanpaa|21|4|1991|-1|-1|-1|-1
105|ML59|Ma/M/Mateo-Nicolas-Martinez|5|3|1994|-1|-1|1|-1
106|K688|Ki/D/Daniel-King-Turner|15|5|1984|190|-1|1|-1
107|Z184|Top-Players/Horacio-Zeballos|27|4|1985|188|83|0|2003
108|KC36|Ku/J/Jan-Kuncik|20|3|1993|-1|-1|-1|-1
109|MF95|Ma/R/Ryusei-Makiguchi|3|5|1991|-1|-1|-1|-1
110|SK76|Sh/S/Sergey-Shipilov|3|7|1993|-1|-1|-1|-1
111|K929|Ka/S/Salif-Kante|20|11|1988|-1|-1|-1|-1
112|H712|He/J/Jorge-Hernando-Ruano|3|6|1987|-1|-1|-1|-1
113|AB49|Ak/A/Aydin-Akhmetshin|20|10|1994|-1|-1|-1|-1
114|K926|Top-Players/Mikhail-Kukushkin|26|12|1987|183|72|1|-1
115|SH77|Sm/A/Artem-Smirnov|2|2|1988|-1|-1|-1|-1
116|GB41|Go/J/Juan-Sebastian-Gomez|5|3|1992|-1|-1|-1|-1
117|ME89|Ma/I/Illya-Marchenko|8|9|1987|185|78|1|-1
118|G676|Gi/D/Daniel-Gimeno-Traver|7|8|1985|183|80|1|2004
119|R852|Re/C/Clement-Reix|9|10|1983|-1|-1|-1|-1
120|ME82|Ma/A/Adrian-Mannarino|29|6|1988|183|69|0|2005
121|L781|Le/C/Chris-Letcher|11|5|1985|-1|-1|-1|-1
122|D616|Top-Players/Somdev-K-Devvarman|13|2|1985|180|73|1|2008
123|BJ27|Bi/R/Ronit-Singh-Bisht|6|4|1996|-1|-1|1|-1
124|B881|Be/T/Tomasz-Bednarek|12|11|1981|-1|-1|1|2000
125|O340|Or/R/Roberto-Ortega-Olmedo|14|4|1991|-1|-1|-1|-1
126|B884|Top-Players/Carlos-Berlocq|3|2|1983|183|81|1|2001
127|PE19|Pi/F/Francesco-Picco|1|1|1991|-1|-1|-1|-1
128|BA98|Top-Players/Simone-Bolelli|8|10|1985|183|79|1|2003
129|V717|Va/A/Alexey-Vatutin|27|10|1992|-1|-1|-1|-1
130|M824|Top-Players/Albert-Montanes|26|11|1980|175|70|1|1999
131|D981|De/A/Arthur-De-Greef|27|3|1992|-1|-1|-1|-1
132|DA67|Do/M/Matteo-Donati|28|2|1995|188|73|1|-1
133|D868|Di/C/Christopher-Diaz-Figueroa|14|3|1990|-1|-1|-1|-1
134|F324|Top-Players/Roger-Federer|8|8|1981|185|85|1|1998
135|MF09|Me/N/Nikola-Mektic|24|12|1988|-1|-1|-1|-1
136|CG32|Ca/J/Julien-Cagnina|4|6|1994|-1|-1|1|-1
137|N437|Na/G/Gianluca-Naso|6|1|1987|-1|-1|1|-1
138|V564|Ve/A/Antonio-Veic|18|2|1988|180|74|1|2006
139|HB13|Ho/C/Chih-Jen-Ho|18|3|1994|-1|-1|-1|-1
140|R368|Ru/M/Michael-Russell|1|5|1978|173|70|1|1998
141|PC37|Pe/G/Goncalo-Pereira|6|9|1984|-1|-1|-1|-1
142|G753|Gu/D/David-Guez|8|12|1982|185|75|1|-1
143|G905|Ga/P/Peng-Gao|2|8|1987|-1|-1|-1|-1
144|SF11|Sh/M/Michael-Shabaz|20|8|1987|-1|83|1|-1
145|SI06|Sa/A/Antonio-Sancic|23|11|1988|-1|-1|-1|-1
146|GC64|Ga/A/Anton-Galkin|24|12|1991|-1|-1|-1|-1
147|L812|Lo/T/Tiago-Lopes|27|11|1986|-1|-1|-1|-1
148|SG54|Sp/J/Juan-Carlos-Spir|1|5|1990|-1|-1|-1|-1
149|SR78|Sa/T/Takashi-Saito|23|2|1995|-1|-1|1|-1
150|SG56|Si/D/Daniel-Dutra-Da-Silva|5|7|1988|175|72|0|2007
151|SO93|Sa/R/Rizo-Saidkhodjaev|6|9|1996|-1|-1|-1|-1
152|MJ56|Mu/R/Richard-Muzaev|21|3|1992|-1|-1|-1|-1
153|D469|De/N/Nicolas-Devilder|25|3|1980|173|65|0|2000
154|BD20|Top-Players/Thomaz-Bellucci|30|12|1987|188|82|0|2005
155|G822|Gh/R/Riccardo-Ghedin|5|12|1985|188|73|1|-1
156|I236|Ig/U/Uladzimir-Ignatik|14|7|1990|183|82|1|2007
157|G820|Ga/X/Xin-Gao|12|5|1994|-1|-1|-1|-1
158|I230|It/T/Tatsuma-Ito|18|5|1988|180|75|1|2006
159|CC57|Cr/K/Keith-Patrick-Crowley|15|12|1988|-1|-1|-1|-1
160|N503|Ne/A/Aleksandr-Nedovyesov|15|2|1987|193|81|1|2005
161|BK24|Ba/G/Gregoire-Barrere|16|2|1994|183|-1|1|-1
162|F401|Top-Players/David-Ferrer|2|4|1982|175|73|1|2000
163|DA13|Di/D/Dragos-Dima|16|6|1992|-1|-1|1|-1
164|N555|Ng/D/Daniel-Nguyen|16|10|1990|-1|-1|-1|-1
165|D916|Di/S/Steven-Diez|17|3|1991|-1|-1|-1|-1
166|MF93|Mo/J/Joaquin-Jesus-Monteferrario|13|4|1985|-1|-1|-1|-1
167|MF90|Me/K/Kristijan-Mesaros|2|7|1988|188|89|-1|-1
168|D915|Di/E/Eduardo-Dischinger|18|5|1992|-1|-1|1|-1
169|R822|Ro/L/Laurent-Rochette|5|2|1988|183|79|1|2006
170|R823|Ra/P/Purav-Raja|7|12|1985|183|90|1|-1
171|V502|Vi/R/Ranjeet-Virali-Murugesan|30|9|1985|-1|-1|-1|-1
172|E690|Eb/M/Matthew-Ebden|26|11|1987|188|78|1|-1
173|D487|Top-Players/Lukas-Dlouhy|9|4|1983|185|88|1|2001
174|W715|Wa/H/Hannes-Wagner|25|10|1995|-1|-1|1|-1
175|HA03|Hu/L/Liang-Chi-Huang|8|3|1992|-1|-1|-1|-1
176|E698|El/G/Gastao-Elias|24|11|1990|180|76|1|-1
177|W367|Top-Players/Stan-Wawrinka|28|3|1985|183|81|1|2002
178|TC10|Ts/P/Pavel-Tsoy-TC10|19|9|1995|-1|-1|1|-1
179|A305|Ad/J/Jacob-Adaktusson|31|8|1980|-1|-1|1|0
180|N480|Ne/J/Jeevan-Nedunchezhiyan|20|10|1988|173|-1|0|-1
181|V505|Va/V/Vishnu-Vardhan|27|7|1987|188|84|1|2008
182|F775|Fa/P/Patrik-Fabian|20|3|1994|-1|-1|-1|-1
183|F811|Fr/B/Bjorn-Fratangelo|19|7|1993|-1|-1|1|-1
184|BD59|Ba/C/Carsten-Ball|20|6|1987|198|91|0|2005
185|SS14|Si/R/Rui-Pedro-Silva|5|5|1992|-1|-1|-1|-1
186|D763|Da/M/Marcus-Daniell|9|11|1989|190|76|1|2008
187|SC56|Se/D/Dudi-Sela|4|4|1985|175|65|1|2002
188|E766|Er/E/Edoardo-Eremin|5|10|1993|-1|-1|1|-1
189|BI21|Bo/B/Bar-Tzuf-Botzer|2|3|1994|-1|-1|1|-1
190|N607|Ni/M/Miliaan-Niesten|27|6|1988|183|65|0|-1
191|O264|Ou/J/Josselin-Ouanna|14|4|1986|193|91|1|2004
192|SF89|St/J/Jose-Rubin-Statham|25|4|1987|183|72|1|-1
193|V698|Va/D/Duilio-Vallebuona|6|7|1992|-1|-1|-1|-1
194|MG63|Mi/D/Dragos-Cristian-Mirtea|10|9|1989|-1|-1|-1|-1
195|E629|Eb/C/Colin-Ebelthite|27|11|1984|-1|-1|1|-1
196|F627|Fa/P/Pietro-Fanucci|21|7|1988|-1|-1|-1|-1
197|Z368|Zh/S/Su-Hao-Zhong|19|3|1997|-1|-1|1|-1
198|O269|Ou/G/Greg-Ouellette|19|5|1986|178|72|0|2008
199|CD94|Ch/J/Jarryd-Chaplin|13|4|1992|-1|-1|-1|-1
200|L503|Lo/P/Paolo-Lorenzi|15|12|1981|183|77|1|2003
201|H804|Top-Players/Andreas-Haider-Maurer|22|3|1987|190|89|1|2005
202|CA82|Ch/Y/Yu-Chang|14|8|1988|-1|-1|-1|-1
203|SW51|St/P/Pavel-Staubert|11|1|1996|-1|-1|-1|-1
204|L733|Li/Z/Zhe-Li|20|9|1986|185|81|1|2004
205|SJ05|St/C/Constantin-Sturdza|24|8|1989|-1|-1|-1|-1
206|BA53|Ba/J/Jamie-Baker|5|8|1986|183|81|1|-1
207|H808|He/H/Harri-Heliovaara|4|6|1989|188|82|1|-1
208|H809|Hu/A/Adam-Hubble|25|3|1986|-1|-1|-1|-1
209|MH30|Mi/J/John-Millman|14|6|1989|183|-1|1|2006
210|C834|Top-Players/Juan-Sebastian-Cabal|25|4|1986|185|82|1|-1
211|RC31|Ru/E/Eduardo-Russi-Assumpcao|9|2|1995|-1|-1|1|-1
212|N653|Na/J/Jung-Woong-Na|31|10|1992|-1|-1|-1|-1
213|N652|Na/J/Ji-Sung-Nam|15|8|1993|-1|-1|-1|-1
214|SP02|Sa/B/Batyr-Sapaev|24|7|1991|-1|-1|-1|-1
215|K719|Kr/G/Gero-Kretschmer|6|5|1985|188|78|1|-1
216|K448|Ke/R/Robert-Kendrick|15|11|1979|190|86|1|2000
217|T999|Te/M/Maxime-Teixeira|18|1|1989|188|75|1|2010
218|KB54|Ku/A/Andrey-Kuznetsov|22|2|1991|185|71|1|2008
219|CF60|Ci/P/Pawel-Cias|22|2|1994|-1|-1|1|-1
220|KB56|Ko/M/Micke-Kontinen|18|12|1992|-1|-1|-1|-1
221|GB64|Gh/L/Lucian-Gheorghe|27|8|1992|-1|-1|-1|-1
222|H933|He/K/Kaden-Hensel|5|6|1986|-1|-1|-1|-1
223|GB61|Ga/V/Viktor-Galovic|19|9|1990|-1|-1|-1|-1
224|CG40|Ci/P/Patrick-Ciorcila|20|9|1996|180|70|1|-1
225|D716|Da/J/Jeff-Dadamo|17|7|1989|-1|-1|-1|-1
226|KH89|Kn/D/Daniel-Knoflicek|5|1|1995|-1|-1|-1|-1
227|RE44|Ru/A/Andrey-Rublev|20|10|1997|-1|-1|-1|-1
228|SD32|Top-Players/Gilles-Simon|27|12|1984|183|70|1|2002
229|U134|Uc/Y/Yasutaka-Uchiyama|5|8|1992|-1|-1|1|-1
230|U133|Ur/M/Mike-Urbanija|26|12|1989|-1|-1|1|-1
231|BI53|Ba/V/Victor-Baluda|30|9|1992|-1|-1|-1|-1
232|SO02|So/W/Warit-Sornbutnark|27|2|1993|-1|-1|-1|-1
233|GC27|Go/C/Cristian-Gonzalez-Mendez|6|5|1992|-1|-1|-1|-1
234|Q948|Qu/G/Gianluigi-Quinzi|1|2|1996|-1|-1|-1|-1
235|H836|Ho/T/Tyler-T-Hochwalt|5|2|1989|-1|-1|-1|-1
236|BE54|Be/R/Ruben-Bemelmans|14|1|1988|-1|-1|0|-1
237|K966|Top-Players/Martin-Klizan|11|7|1989|188|75|0|2007
238|K964|Kl/B/Brydan-Klein|31|12|1989|188|82|1|2008
239|Q941|Qu/R/Roberto-Quiroz|23|2|1992|-1|-1|-1|-1
240|CA12|Top-Players/Jeremy-Chardy|12|2|1987|188|75|1|2005
241|Q945|Qu/E/Eric-Quigley|30|1|1989|-1|-1|-1|-1
242|MI08|Ma/J/Javier-Marti|11|1|1992|-1|-1|1|-1
243|SM51|Sp/D/Dominik-Sproch|23|7|1993|-1|-1|-1|-1
244|MI01|Mo/H/Hiroki-Moriya|16|10|1990|165|65|1|-1
245|RD96|Ra/A/Aljaz-Radinski|8|6|1995|-1|-1|1|-1
246|V820|Va/M/Mikhail-Vaks|18|7|1993|-1|-1|1|-1
247|J263|Ju/W/Woong-Sun-Jun|14|6|1986|190|90|1|2005
248|A487|Am/P/Prakash-Amritraj|2|10|1983|188|75|1|2003
249|J267|Ja/M/Malek-Jaziri|20|1|1984|185|80|1|-1
250|DB49|Do/A/Andre-Dome|13|8|1990|-1|-1|-1|-1
251|DB44|Dj/D/Djordje-Djokovic|17|7|1995|-1|-1|-1|-1
252|CE98|Ch/F/Fedor-Chervyakov|13|1|1993|-1|-1|-1|-1
253|A943|An/V/Vasile-Antonescu|24|3|1990|-1|-1|-1|0
254|LA94|Li/C/Christian-Lindell|20|11|1991|193|87|1|-1
255|KF71|Ka/J/Aljaz-Jakob-Kaplja|13|6|1997|-1|-1|-1|-1
256|SB28|Sa/C/Carlos-Salamanca|15|1|1983|196|83|0|2001
257|F786|Fa/S/Sanjar-Fayziev|29|7|1994|-1|-1|-1|-1
258|TA30|Te/T/Tomislav-Ternar|16|9|1990|-1|-1|-1|-1
259|F663|Fr/S/Stephan-Fransen|8|8|1988|-1|-1|-1|-1
260|Z378|Zh/W/Wei-Qiang-Zheng|22|6|1996|-1|-1|-1|-1
261|AB40|Al/A/Albert-Alcaraz-Ivorra|15|5|1995|-1|-1|1|-1
262|Z272|Zh/Z/Ze-Zhang|4|7|1990|188|83|1|2005
263|RC96|Ru/N/Noah-Rubin|21|2|1996|175|66|1|-1
264|MD85|Ma/L/Lukas-Marsoun|7|2|1986|-1|-1|1|-1
265|G983|Gi/A/Alessandro-Giannessi|30|5|1990|185|82|0|-1
266|KA00|Kr/A/Austin-Krajicek|16|6|1990|188|79|0|2012
267|G985|Go/C/Carlos-Gomez-Herrera|30|4|1990|-1|-1|-1|-1
268|RB60|Ro/O/Oriol-Roca-Batalla|30|4|1993|-1|-1|-1|-1
269|RC04|Ri/A/Alexander-Ritschard|24|3|1994|-1|-1|1|-1
270|AF32|Ah/A/Amine-Ahouda|-1|-1|-1|-1|-1|-1|-1
271|L918|Li/Y/Yong-Kyu-Lim|18|6|1991|-1|-1|-1|-1
272|DA42|Du/D/Durukan-Durmus|11|1|1994|-1|-1|-1|-1
273|AC84|Al/C/Collin-Altamirano|7|12|1995|188|84|1|-1
274|GA71|Gr/L/Laurynas-Grigelis|14|8|1991|183|73|1|-1
275|BA77|Br/A/Arnau-Brugues-Davi|5|3|1985|183|82|0|2009
276|AC76|An/J/Jay-Andrijic|3|10|1995|-1|-1|1|-1
277|H756|Top-Players/Robin-Haase|6|4|1987|190|77|1|2005
278|GA79|Gi/L/Lorenzo-Giustino|10|9|1991|-1|-1|-1|-1
279|J401|Ja/L/Lukas-Jastraunig|3|8|1989|-1|-1|-1|-1
280|SK06|So/D/David-Souto|26|3|1992|-1|-1|0|-1
281|J194|Jo/J/Joachim-Johansson|1|7|1982|198|90|1|2000
282|SN16|Sc/A/Alexandre-Schnitman|27|3|1992|-1|-1|-1|-1
283|PG69|Pa/J/Juan-Pablo-Paz|4|1|1995|170|-1|1|-1
284|E857|El/E/Evgeny-Elistratov|28|12|1994|-1|-1|-1|-1
285|P436|Ph/B/Bjorn-Phau|4|10|1979|175|70|1|1999
286|N679|Na/S/Stefano-Napolitano|11|4|1995|-1|-1|-1|-1
287|Y061|Top-Players/Mikhail-Youzhny|25|6|1982|183|73|1|1999
288|R931|Ro/P/Patrik-Rosenholm|5|3|1988|178|80|1|-1
289|PB13|Pa/G/Grzegorz-Panfil|1|1|1988|183|76|0|2004
290|PC09|Pe/J/Jose-Pereira|26|1|1991|-1|-1|-1|-1
291|SQ24|Si/D/David-Simunek|9|7|1993|-1|-1|-1|-1
292|V763|Ve/F/Filip-Veger|21|12|1994|-1|-1|-1|-1
293|M850|Top-Players/Paul-Henri-Mathieu|12|1|1982|185|74|1|1999
294|MI43|Me/G/Gerald-Melzer|13|7|1990|188|85|0|-1
295|U081|Uz/V/Vaja-Uzakov|4|6|1988|-1|-1|-1|-1
296|R628|Re/L/Laurent-Recouderc|10|7|1984|-1|-1|1|-1
297|AA25|Ak/O/Odil-Akramov|7|10|1994|-1|-1|-1|-1
298|TA46|Top-Players/Bernard-Tomic|21|10|1992|196|91|1|2008
299|PF00|Pa/M/Mate-Pavic|4|7|1993|188|78|0|-1
300|CB14|Co/D/Daniel-Cox|28|9|1990|170|72|1|2011
301|D985|Do/J/Joao-Domingues|5|10|1993|175|69|1|2013
302|F974|Fa/T/Tom-Fawcett|-1|-1|-1|-1|-1|-1|-1
303|CD85|Ca/P/Pablo-Carreno-Busta|12|7|1991|188|74|1|2009
304|LC88|Li/W/Winston-Lin|25|4|1993|-1|-1|-1|-1
305|TA29|Tr/M/Marco-Trungelliti|31|1|1990|178|78|1|2008
306|SC47|So/G/Go-Soeda|5|9|1984|178|73|1|2003
307|AC23|Al/J/Jabor-Mohammed-Ali-Mutawa|27|5|1994|-1|-1|-1|-1
308|PI83|Po/J/Joel-Popov|31|7|1996|-1|-1|-1|-1
309|N552|Top-Players/Kei-Nishikori|29|12|1989|178|68|1|2007
310|MB53|Me/A/Adrian-Menendez-Maceiras|28|10|1985|185|78|1|2005
311|TC19|Te/M/Marcelo-Tebet-Filho|23|2|1996|-1|-1|-1|-1
312|PG86|Po/D/Darren-K-Polkinghorne|26|2|1993|-1|-1|-1|-1
313|BI23|Br/L/Liam-Broady|4|1|1994|-1|-1|-1|-1
314|BE93|Bu/C/Chase-Buchanan|4|6|1991|-1|-1|1|-1
315|BA57|Bo/I/Ilija-Bozoljac|2|8|1985|193|86|1|2002
316|MN13|Ma/M/Maximilian-Marterer|15|6|1995|-1|-1|-1|-1
317|J347|Ja/Y/Yannick-Jankovits|6|1|1987|-1|-1|-1|-1
318|BD00|Bo/R/Roman-Borvanov|31|3|1982|183|80|1|2004
319|C856|Cr/V/Victor-Crivoi|25|5|1982|185|75|1|2003
320|G806|Go/A/Andrey-Golubev|22|7|1987|185|77|1|2005
321|BD52|Be/A/Ariel-Behar|12|11|1989|-1|-1|-1|-1
322|MN44|Mo/B/Bradley-Mousley|3|1|1996|-1|-1|-1|-1
323|RB17|Ru/A/Alexander-Rumyantsev|16|8|1992|-1|-1|-1|-1
324|J393|Je/J/Jarmere-Jenkins|25|11|1990|180|77|1|-1
325|ME05|Top-Players/Marinko-Matosevic|8|8|1985|193|86|1|2003
326|BB97|Be/A/Antoine-Benneteau|30|6|1986|-1|-1|-1|-1
327|SD46|Sh/D/Divij-Sharan|2|3|1986|183|78|0|-1
328|SK30|Se/C/Carlos-Eduardo-Severino|5|12|1990|-1|-1|-1|-1
329|MC10|Top-Players/Andy-Murray|15|5|1987|190|84|1|2005
330|KB95|Ku/J/Jason-Kubler|19|5|1993|-1|-1|1|-1
331|ME29|Mo/S/Steven-Moneke|27|5|1986|-1|-1|-1|-1
332|PF03|Po/V/Vladimir-Polyakov|18|6|1994|-1|-1|-1|-1
333|DE18|Du/A/Artur-Dubinski|27|3|1996|-1|-1|-1|-1
334|BA65|Top-Players/Dustin-Brown|8|12|1984|196|78|1|2002
335|K650|Ki/L/Leonardo-Kirche|4|1|1985|188|87|1|2003
336|F444|Top-Players/Alejandro-Falla|14|11|1983|185|77|0|2000
337|G621|Gu/C/Chris-Guccione|30|7|1985|201|92|0|2003
338|G511|Gr/S/Simon-Greul|13|4|1981|185|80|1|2000
339|A941|Ar/F/Facundo-Arguello|4|8|1992|178|77|1|-1
340|G628|Top-Players/Richard-Gasquet|18|6|1986|185|75|1|2002
341|R847|Ra/Y/Younes-Rachidi|13|9|1986|-1|-1|-1|-1
342|CE25|Ca/S/Salvatore-Caruso|15|12|1992|-1|-1|-1|-1
343|A829|Al/R/Radu-Albot|11|11|1989|175|70|1|-1
344|M815|Ma/T/Toshihide-Matsui|19|4|1978|180|77|1|2001
345|MF35|Ma/A/Andrej-Martin|20|9|1989|180|72|1|-1
346|RB56|Ra/R/Ramkumar-Ramanathan|8|11|1994|188|77|1|-1
347|CB87|Ca/R/Rafael-Camilo|13|3|1990|-1|-1|-1|-1
348|PE00|Pa/N/Nathan-Pasha|15|7|1992|190|86|1|-1
349|G569|Gi/R/Robby-Ginepri|7|10|1982|183|79|1|2001
350|V620|Ve/A/Agustin-Velotti|24|5|1992|-1|-1|1|-1
351|B757|Top-Players/Rohan-Bopanna|4|3|1980|190|87|1|2003
352|MF36|Me/M/Miloslav-Mecir|20|1|1988|190|86|1|-1
353|B752|Bo/S/Stephane-Bohli|25|7|1983|185|82|1|2002
354|W614|Wa/C/Chuhan-Wang|24|2|1992|190|75|1|-1
355|R548|Top-Players/Rajeev-Ram|18|3|1984|193|82|1|2004
356|Y193|Yu/E/Efe-Yurtacan|1|1|1995|-1|-1|-1|-1
357|R383|Top-Players/Ruben-Ramirez-Hidalgo|6|1|1978|183|74|1|1998
358|SG64|So/J/Joao-Souza|27|5|1988|193|88|1|2006
359|SI82|Sa/M/Manuel-Sanchez|5|1|1991|183|78|1|-1
360|SG66|Si/P/Peerakiat-Siriluethaiwattana|16|8|1989|-1|-1|-1|-1
361|Q017|Qu/M/Michael-Quintero|11|7|1980|-1|-1|1|-1
362|T310|To/G/Goran-Tosic|7|10|1982|-1|-1|1|-1
363|E661|Es/G/Gonzalo-Escobar|20|1|1989|-1|-1|0|-1
364|ML48|Ma/A/Antonio-Massara|16|9|1995|-1|-1|-1|-1
365|MK66|Mc/M/Mackenzie-Mcdonald|16|4|1995|178|66|1|-1
366|T315|Top-Players/Dmitry-Tursunov|12|12|1982|185|82|1|2000
367|D646|Top-Players/Ivan-Dodig|2|1|1985|183|83|1|2004
368|G858|Top-Players/Ernests-Gulbis|30|8|1988|190|85|1|2004
369|SF41|Se/A/Aldin-Setkic|21|12|1987|193|84|1|-1
370|G710|Top-Players/Marcel-Granollers|12|4|1986|190|77|1|2003
371|L784|La/D/Dennis-Lajola|12|2|1989|-1|-1|-1|-1
372|G714|Ga/D/Daniel-Garza|8|4|1985|-1|-1|1|-1
373|MA30|Top-Players/Gilles-Muller|9|5|1983|193|92|0|2001
374|PC76|Pr/B/Bjorn-Propst|5|6|1987|-1|-1|-1|-1
375|PC73|Pe/H/Hsien-Yin-Peng|22|12|1989|-1|-1|-1|-1
376|V758|Ve/D/David-Vega-Hernandez|23|6|1994|-1|-1|1|-1
377|K839|Ka/T/Tobias-Kamke|21|5|1986|178|74|1|2004
378|SL81|Sh/M/Masato-Shiga|8|8|1991|-1|-1|-1|-1
379|KC56|Ka/A/Aslan-Karatsev|4|9|1993|-1|-1|-1|-1
380|H924|He/P/Patricio-Heras|21|1|1989|-1|-1|-1|-1
381|SL85|Sa/J/Juan-Carlos-Saez|5|8|1991|-1|-1|-1|-1
382|C977|Top-Players/Marin-Cilic|28|9|1988|198|82|1|2005
383|SL89|Sb/M/Matias-Sborowitz|9|7|1993|-1|-1|-1|-1
384|BI81|Bo/A/Alex-Bolt|5|1|1993|-1|-1|0|-1
385|BI85|Bo/M/Michael-Bois|19|11|1993|-1|-1|-1|-1
386|H928|Hi/D/Diego-Hidalgo|18|4|1993|-1|-1|-1|-1
387|V313|Vo/C/Christian-Florentin-Voinea|12|11|1980|-1|-1|-1|-1
388|GC88|Gi/M/Marcos-Giron|24|7|1993|180|75|1|2014
389|GC89|Ge/E/Egor-Gerasimov|11|11|1992|183|84|1|-1
390|TB69|Top-Players/Dominic-Thiem|3|9|1993|185|82|1|2011
391|K403|Ku/I/Igor-Kunitsyn|30|9|1981|180|75|1|1999
392|O411|Ol/A/Albano-Olivetti|24|11|1991|203|104|1|2010
393|G717|Gi/F/Frederico-Gil|24|3|1985|178|70|1|2003
394|GC87|Go/L/Lucas-Gomez|11|8|1995|-1|-1|-1|-1
395|KE17|Ky/N/Nick-Kyrgios|27|4|1995|193|85|1|2013
396|H571|Ha/J/Jan-Hajek|7|8|1983|180|80|1|2000
397|KE15|Ko/N/Tim-Kopinski|2|6|1993|-1|-1|-1|-1
398|BI17|Bu/P/Phassawit-Burapharitta|24|12|1992|-1|-1|-1|-1
399|Z178|Zi/D/Denis-Zivkovic|30|9|1987|190|86|1|-1
400|KI27|Ko/D/David-Konstantinov|-1|-1|-1|-1|-1|-1|-1
401|H472|He/O/Oscar-Hernandez|10|4|1978|180|70|1|1998
402|PF50|Pa/T/Tomas-Papik|13|4|1994|-1|-1|-1|-1
403|Z189|Ze/G/Grega-Zemlja|29|9|1986|183|81|1|2004
404|GC49|Ga/P/Piotr-Gadomski|21|1|1991|-1|-1|-1|-1
405|E248|Er/B/Baris-Erguden|1|1|1986|-1|-1|-1|-1
406|Y180|Ya/B/Barkin-Yalcinkale|25|6|1991|-1|-1|-1|-1
407|C882|Top-Players/Pablo-Cuevas|1|1|1986|180|80|1|2004
408|D750|De/K/Kenny-De-Schepper|29|5|1987|203|102|0|2010
409|E708|Es/M/Maximiliano-Estevez|18|5|1989|-1|-1|-1|-1
410|D752|De/N/Niels-Desein|9|6|1987|190|84|1|2007
411|DA81|Da/T/Taro-Daniel|27|1|1993|190|76|1|2010
412|L430|La/G/Giovanni-Lapentti|25|1|1983|193|91|1|2002
413|CH12|Ch/J/Jan-Choinski|10|6|1996|-1|-1|1|-1
414|BB10|Be/E/Enrico-Becuzzi|23|3|1973|-1|-1|1|-1
415|RA51|Ro/B/Blaz-Rola|5|10|1990|193|79|0|-1
416|RA52|Ra/F/Franjo-Raspudic|15|11|1990|-1|-1|-1|-1
417|BF23|Ba/F/Facundo-Bagnis|27|2|1990|183|82|0|2008
418|KC33|Ku/D/Dimitar-Kuzmanov|28|7|1993|-1|-1|-1|-1
419|CC98|Cu/M/Martin-Cuevas|14|1|1992|-1|-1|-1|-1
420|BK32|Be/T/Thibaud-Berland|21|6|1993|-1|-1|-1|-1
421|A764|Al/T/Tuna-Altuna|30|1|1989|-1|-1|-1|0
422|F510|Top-Players/Fabio-Fognini|24|5|1987|178|74|1|2004
423|K572|Kr/G/Gilles-Kremer|15|7|1981|-1|-1|1|-1
424|R685|Top-Players/Lukas-Rosol|24|7|1985|196|81|1|2004
425|MG18|Mo/B/Brendon-Moore|6|7|1985|-1|-1|-1|-1
426|GD61|Ge/D/Dante-Gennaro|14|5|1993|-1|-1|-1|-1
427|B747|Top-Players/Julien-Benneteau|20|12|1981|185|79|1|2000
428|BF27|Bo/A/Adrien-Bossel|28|12|1986|-1|-1|-1|-1
429|F747|Fo/C/Claudio-Fortuna|19|4|1990|-1|-1|-1|-1
430|MB27|Me/F/Florin-Mergea|26|1|1985|180|76|1|2003
431|GB53|Ga/F/Federico-Gaio|5|3|1992|-1|-1|-1|-1
432|MP98|Me/J/John-Mee|11|7|1995|-1|-1|-1|-1
433|DC22|Do/P/Pedro-Dominguez-Alonso|17|2|1996|-1|-1|1|-1
434|C582|Ch/M/Marco-Chiudinelli|10|9|1981|188|79|1|2000
435|B804|Be/K/Karol-Beck|3|4|1982|180|74|1|2001
436|R977|Re/M/Matt-Reid|17|7|1990|-1|-1|-1|-1
437|D864|Do/E/Evgeny-Donskoy|9|5|1990|185|74|1|-1
438|CF59|Ca/R/Roberto-Carballes-Baena|23|3|1993|180|76|1|-1
439|KB09|Ku/D/Denis-Kudla|17|8|1992|180|75|1|-1
440|KB07|Kh/H/Hicham-Khaddari|19|8|1991|-1|-1|-1|-1
441|KB05|Kr/F/Filip-Krajinovic|27|2|1992|185|75|1|2009
442|Z333|Zo/O/Osama-Zoghlami|5|12|1993|-1|-1|1|-1
443|SN72|St/M/Mac-Styslinger|6|9|1993|-1|-1|-1|-1
444|BJ40|Ba/S/Sam-Barnett|7|9|1989|-1|-1|-1|-1
445|KC29|Ki/N/Nicolas-Kicker|16|8|1992|-1|-1|-1|-1
446|CE77|Co/F/Federico-Coria|9|3|1992|-1|-1|1|-1
447|J553|Ja/O/Omar-Jasika|18|5|1997|-1|-1|-1|-1
448|KA46|Ki/Y/Yuya-Kibi|23|7|1986|-1|-1|-1|-1
449|K834|Ka/B/Blaz-Kavcic|5|3|1987|188|79|1|2005
450|SK48|Si/C/Caio-Silva|15|10|1991|-1|-1|-1|-1
451|GA36|Go/E/Emilio-Gomez|28|11|1991|-1|-1|1|-1
452|MH98|Ma/D/Dino-Marcan|12|2|1991|-1|-1|-1|-1
453|SD69|So/L/Louk-Sorensen|7|1|1985|175|78|1|2003
454|F522|Fa/A/Andrea-Falgheri|9|9|1985|-1|-1|-1|-1
455|R613|Top-Players/Edouard-Roger-Vasselin|28|11|1983|188|75|1|2002
456|R612|Ro/S/Stephane-Robert|17|5|1980|185|77|1|2001
457|MD56|Top-Players/Leonardo-Mayer|15|5|1987|188|83|1|2003
458|V708|Ve/J/Jiri-Vesely|10|7|1993|198|90|0|2009
459|DA96|Di/H/Hugo-Di-Feo|18|4|1995|-1|-1|-1|-1
460|PB05|Pe/E/Eduardo-Peralta-Tello|15|4|1989|-1|-1|-1|-1
461|KB80|Ku/N/Nuttanon-Kadchapanan|7|6|1993|-1|-1|1|-1
462|C723|Ci/F/Flavio-Cipolla|20|10|1983|173|74|1|2003
463|CD00|Ch/M/Maxime-Chazal|24|4|1993|-1|-1|-1|-1
464|Z246|Ze/M/Miljan-Zekic|12|7|1988|-1|-1|-1|-1
465|H999|Hi/G/Gabriel-Alejandro-Hidalgo|6|8|1990|-1|-1|-1|-1
466|DC58|Do/J/Jared-Donaldson|9|10|1996|188|70|1|2014
467|BA86|Be/A/Andreas-Beck|5|2|1986|190|90|0|2003
468|MN85|Me/T/Tristan-Meraut|-1|-1|-1|-1|-1|-1|-1
469|B896|Be/B/Benjamin-Becker|16|6|1981|178|72|1|2005
470|MB93|Ma/R/Rong-Ma|-1|-1|-1|-1|-1|-1|-1
471|MF78|Mi/M/Marek-Michalicka|23|12|1986|183|74|1|-1
472|N409|Top-Players/Rafael-Nadal|3|6|1986|185|85|0|2001
473|G681|Ga/T/Teymuraz-Gabashvili|23|5|1985|188|83|1|2001
474|L397|Top-Players/Feliciano-Lopez|20|9|1981|188|85|0|1997
475|MF70|Ma/L/Luis-David-Martinez|12|5|1989|-1|-1|-1|-1
476|MF71|Mo/D/Denys-Molchanov|16|5|1987|190|82|1|-1
477|S694|Top-Players/Radek-Stepanek|27|11|1978|185|76|1|1996
478|G725|Top-Players/Santiago-Giraldo|27|11|1987|188|75|1|2004
479|L828|Le/H/Hsin-Han-Lee|19|5|1988|-1|-1|-1|-1
480|MK26|Ma/J/Jules-Marie|1|9|1991|-1|-1|-1|-1
481|G817|Ga/P/Pablo-Galdon|28|11|1985|-1|-1|1|-1
482|L949|La/H/Henri-Laaksonen|31|3|1992|185|80|1|-1
483|K624|Kn/B/Bastian-Knittel|8|8|1983|180|71|0|2003
484|G810|Go/R/Ruben-Gonzales|11|9|1985|-1|-1|-1|-1
485|J452|Je/S/Suk-Young-Jeong|12|4|1993|-1|-1|1|-1
486|MG47|Mc/J/James-Mcgee|10|6|1987|183|80|1|-1
487|L941|Li/M/Michael-Linzer|2|11|1989|183|76|1|-1
488|V426|Vi/R/Ricardo-Villacorta-Alonso|24|4|1985|-1|-1|-1|-1
489|MK29|Me/S/Stefan-Merunka|4|10|1994|185|80|1|2013
490|I186|Top-Players/John-Isner|26|4|1985|208|108|1|2007
491|LC90|Li/S/Siyu-Liu|1|11|1995|-1|-1|-1|-1
492|GA48|Ga/T/Takanyi-Garanganga|6|9|1990|185|79|1|2009
493|I183|It/Y/Yuichi-Ito|6|8|1986|-1|-1|-1|-1
494|DC50|Da/L/Lucas-Dages|-1|-1|-1|-1|-1|-1|-1
495|GA46|Ga/S/Sergio-Galdos|2|1|1990|-1|-1|-1|-1
496|AC45|Ab/M/Mehdi-Abid|2|5|1995|-1|-1|-1|-1
497|AB29|Al/F/Facundo-Alvo|2|2|1996|-1|-1|-1|-1
498|W387|Wi/J/Jesse-Witten|15|10|1982|178|82|1|2005
499|D908|Da/P/Philipp-Davydenko|2|9|1992|183|79|1|-1
500|W521|Wi/M/Marcus-Willis|9|10|1990|-1|-1|-1|-1
501|LB07|La/G/Gonzalo-Lama|27|4|1993|-1|-1|-1|-1
502|A812|Ar/J/Juan-Samuel-Arauzo-Martinez|22|8|1990|-1|-1|-1|0
503|PD31|Top-Players/Benoit-Paire|8|5|1989|196|80|1|2007
504|R835|Ra/C/Cesar-Ramirez|25|1|1990|-1|-1|-1|-1
505|A759|Au/J/Jean-Yves-Aubone|10|1|1988|180|67|1|0
506|N532|Ne/F/Fabricio-Neis|15|6|1990|-1|-1|-1|-1
507|PF69|Po/H/Herkko-Pollanen|21|7|1994|-1|-1|-1|-1
508|N714|Nu/A/Alan-Nunez-Aguilera|12|12|1995|-1|-1|-1|-1
509|V250|Vi/A/Andreas-Vinciguerra|19|2|1981|180|73|0|1998
510|E688|Er/M/Markus-Eriksson|29|11|1989|188|80|1|-1
511|O458|Or/E/Eduardo-Yahir-Orozco-Rangel|29|5|1992|-1|-1|-1|-1
512|J399|Jd/M/Mehdi-Jdi|13|12|1988|-1|-1|-1|-1
513|W373|Wa/Y/Jimmy-Wang|8|2|1985|180|73|1|2001
514|J397|Top-Players/Jerzy-Janowicz|13|11|1990|203|91|1|2007
515|E687|Ev/D/Daniel-Evans|23|5|1990|175|75|1|2006
516|O327|Ol/G/Guillermo-Olaso|25|3|1988|175|72|1|2006
517|MG08|Me/Y/Yannick-Mertens|25|6|1987|188|72|1|2006
518|PF65|Pe/F/Filip-Peliwo|30|1|1994|180|70|1|2013
519|D499|Da/F/Frank-Dancevic|26|9|1984|185|79|1|2003
520|T911|To/P/Peter-Torebko|10|2|1988|185|85|1|2008
521|P624|Top-Players/Philipp-Petzschner|24|3|1984|185|77|1|2001
522|TC02|Ti/T/Taha-Tifnouti|-1|-1|-1|-1|-1|-1|-1
523|H432|Top-Players/Lleyton-Hewitt|24|2|1981|180|77|1|1998
524|H917|Ha/T/Tigre-Hank|30|9|1991|188|85|0|-1
525|SK97|Sh/Y/Yaraslav-Shyla|5|3|1993|-1|-1|-1|-1
526|BG25|Be/D/Duilio-Beretta|25|2|1992|-1|-1|-1|-1
527|Y260|Ya/R/Richard-Yang|8|5|1998|-1|-1|-1|-1
528|G967|Go/P/Peter-Gojowczyk|15|7|1989|185|83|1|2006
529|A678|Top-Players/Kevin-Anderson|18|5|1986|203|89|1|2007
530|D801|Top-Players/Alexandr-Dolgopolov|7|11|1988|180|71|1|2006
531|SG33|Si/S/Sanam-Singh|11|1|1988|175|67|1|-1
532|Q927|Top-Players/Sam-Querrey|7|10|1987|198|91|1|2006
533|D875|Top-Players/Grigor-Dimitrov|16|5|1991|190|80|1|2008
534|D874|De/F/Federico-Delbonis|5|10|1990|190|88|0|2007
535|C546|Cr/T/Teodor-Dacian-Craciun|6|6|1980|-1|-1|1|-1
536|W640|Wa/J/Joao-Walendowsky|15|9|1995|-1|-1|-1|-1
537|W655|Wu/M/Matthias-Wunner|10|3|1993|-1|-1|-1|-1
538|MG77|Ma/D/Diego-Matos|27|4|1988|-1|-1|-1|-1
539|SJ15|Se/M/Milos-Sekulic|4|11|1989|188|75|1|2008
540|L872|Lu/P/Petru-Alexandru-Luncanu|7|5|1989|185|80|0|2005
541|PC29|Pr/D/Dane-Propoggia|24|4|1990|-1|-1|-1|-1
542|D402|Top-Players/Nikolay-Davydenko|2|6|1981|178|70|1|1999
543|Z371|Zh/Z/Zhizhen-Zhang|16|10|1996|-1|-1|-1|-1
544|W571|Wu/D/Di-Wu|14|9|1991|173|66|1|-1
545|V495|Va/L/Luca-Vanni|4|6|1985|-1|-1|-1|-1
546|D935|Di/G/Gibril-Diarra|26|5|1990|-1|-1|-1|-1
547|W579|Wa/A/Alexander-Ward|30|4|1990|-1|-1|-1|-1
548|BC14|Br/M/Marin-Bradaric|5|9|1985|-1|-1|-1|-1
549|RA15|Ro/E/Elie-Rousset|5|9|1989|-1|-1|-1|-1
550|MH27|Mi/G/Giacomo-Miccini|5|7|1992|-1|-1|1|-1
551|RA17|Ru/G/Guillaume-Rufin|26|5|1990|188|82|1|2008
552|I306|Il/C/Cem-Ilkel|21|8|1995|-1|-1|1|-1
553|N663|Ne/M/Maximilian-Neuchrist|22|7|1991|-1|-1|1|-1
554|T868|Tr/W/Walter-Trusendi|3|1|1985|-1|-1|-1|-1
555|MM56|My/D/Denys-Mylokostov|5|4|1993|-1|-1|0|-1
556|KG72|Ka/D/Djurabeck-Karimov|4|6|1998|-1|-1|-1|-1
557|W471|We/A/Amir-Weintraub|16|9|1986|188|74|1|2005
558|O521|Oc/A/Alvaro-Ochoa|9|6|1989|-1|-1|-1|-1
559|B842|Top-Players/Alex-Bogomolov-Jr|23|4|1983|178|75|1|2002
560|RB86|Ra/S/Sidharth-Rawat|21|4|1993|-1|-1|-1|-1
561|KB43|Ke/R/Robin-Kern|3|10|1993|190|87|-1|-1
562|J455|Jo/C/Campbell-Johnson|-1|-1|-1|-1|-1|-1|-1
563|N390|Ni/F/Frederik-Nielsen|27|8|1983|190|83|1|2001
564|BH66|Bi/M/Mikhail-Biryukov|28|4|1992|-1|-1|-1|-1
565|K512|Kl/I/Ivo-Klec|28|11|1980|183|79|1|1999
566|F703|Fu/M/Mikhail-Fufygin|13|5|1990|-1|-1|-1|-1
567|GB13|Gi/G/Germain-Gigounon|20|4|1989|-1|-1|-1|-1
568|BK85|Bo/R/Romain-Bogaerts|23|12|1993|188|76|0|-1
569|LA10|Lu/Y/Yang-Lu|19|9|1992|-1|-1|-1|-1
570|F706|Fe/T/Tiago-Fernandes|29|1|1993|-1|-1|-1|-1
571|SL44|Sh/N/Shonigmatjon-Shofayziyev|30|6|1993|-1|-1|-1|-1
572|SL41|Sa/L/Libor-Salaba|26|8|1992|-1|-1|-1|-1
573|SG87|Top-Players/Ryan-Sweeting|14|7|1987|196|83|1|2007
574|W483|We/B/Boy-Westerhof|24|10|1985|185|80|1|2006
575|SD23|Si/A/Artem-Sitak|8|2|1986|-1|83|1|-1
576|SM25|Top-Players/Jack-Sock|24|9|1992|190|84|1|2011
577|SM23|So/L/Lakshit-Sood|20|2|1991|-1|-1|-1|-1
578|KE64|Ko/S/Stefan-Kozlov|1|2|1998|178|70|1|2013
579|G813|Gr/C/Claudio-Grassi|25|7|1985|180|80|1|2003
580|O483|Oc/C/Christopher-Oconnell|3|6|1994|-1|-1|-1|-1
581|KC41|Ko/W/Wesley-Koolhof|17|4|1989|-1|-1|1|-1
582|MJ98|Me/F/Facundo-Mena|22|9|1992|183|85|1|-1
583|CA22|Ce/P/Pavol-Cervenak|1|7|1987|190|77|1|-1
584|BJ05|Bo/H/Harry-Bourchier|24|1|1996|-1|-1|1|-1
585|MQ75|Ma/K/Kamil-Majchrzak|13|1|1996|-1|-1|-1|-1
586|S843|Top-Players/Potito-Starace|14|7|1981|188|84|1|2001
587|W503|Wa/J/James-D-Ward|9|2|1987|190|72|1|2006
588|CB36|Co/R/Rudy-Coco|21|3|1984|-1|-1|-1|-1
589|D330|Di/A/Alessio-Di-Mauro|9|8|1977|185|71|0|1998
590|DB59|De/N/Dennis-Novak|28|8|1993|-1|-1|1|-1
591|V836|Va/J/Juan-Pablo-Varillas-Patino-Samudio|6|10|1995|-1|-1|1|-1
592|CC32|Cl/G/Guilherme-Clezar|31|12|1992|183|79|1|2009
593|MC18|Ma/D/Denis-Matsukevich|28|3|1986|190|80|1|-1
594|K540|Top-Players/Lukasz-Kubot|16|5|1982|190|86|1|2002
595|J361|Jo/G/Greg-Jones|31|1|1989|190|85|1|2007
596|J338|Jo/R/Romain-Jouan|16|7|1985|183|77|1|2006
597|Z367|Za/M/Mousa-Shanan-Zayed|9|3|1994|-1|-1|-1|-1
598|CC54|Ca/N/Nikola-Cacic|7|12|1990|183|75|1|-1
599|T762|To/J/Josko-Topic|8|12|1983|-1|-1|-1|-1
600|Z363|Zo/M/Marcelo-Zormann|10|6|1996|-1|-1|1|-1
601|TB84|Th/C/Clay-Thompson|4|5|1992|198|86|1|-1
602|CG26|Ch/T/Ting-Yu-Chuang|24|4|1993|-1|-1|-1|-1
603|SO86|St/R/Robin-Stanek|3|1|1995|-1|-1|0|-1
604|L900|Le/J/James-Lemke|25|1|1988|-1|-1|1|-1
605|A457|Ag/J/Jorge-Aguilar|8|1|1985|178|75|1|-1
606|CN31|Ce/A/Antonio-Cembellin|21|4|1997|-1|-1|-1|-1
607|L908|La/N/Nils-Langer|25|1|1990|193|73|1|-1
608|ME31|Mi/V/Vincent-Millot|30|1|1986|173|75|0|2007
609|A511|An/I/Igor-Andreev|14|7|1983|185|80|1|2002
610|MJ01|Ma/R/Roberto-Marcora|30|8|1989|193|82|-1|2009
611|K909|Ka/A/Andriej-Kapas|11|8|1989|-1|-1|1|-1
612|D939|Du/D/Daniiar-Duldaev|27|10|1992|-1|-1|1|-1
613|MJ08|Mo/T/Thiago-Monteiro|31|5|1994|-1|-1|-1|-1
614|K906|Ko/M/Michal-Konecny|13|10|1989|-1|75|0|-1
615|K907|Ka/S/Sho-Katayama|12|5|1989|-1|-1|-1|-1
616|SI57|Sm/D/Daniel-Smethurst|13|10|1990|188|83|1|2011
617|SI56|Se/J/Janez-Semrajc|24|7|1989|-1|-1|-1|-1
618|W609|Wa/Y/Yusuke-Watanuki|20|5|1990|-1|-1|-1|-1
619|D632|Da/S/Steve-Darcis|13|3|1984|178|73|1|2003
620|G654|Go/I/Ismar-Gorcic|22|5|1983|-1|-1|-1|-1
621|MB60|Mi/L/Leandro-Migani|2|3|1985|-1|-1|1|-1
622|SD78|Si/A/Alexandre-Sidorenko|18|2|1988|-1|-1|1|-1
623|L702|Le/M/Mikhail-Ledovskikh|8|8|1986|188|82|1|-1
624|M800|Mi/J/Jan-Minar|9|4|1981|-1|-1|1|-1
625|KB12|Kr/P/Pavel-Krainik|28|9|1992|-1|-1|1|-1
626|DA31|De/H/Hugo-Dellien|16|6|1993|-1|-1|-1|-1
627|L996|Li/J/Juan-Lizariturry|20|4|1991|-1|-1|-1|-1
628|MM24|Ma/B/Bastian-Malla|22|9|1996|-1|-1|-1|-1
629|A853|Ar/M/Marcelo-Arevalo|17|10|1990|-1|84|1|0
630|L993|Lu/J/Jonas-Luetjen|13|8|1990|-1|-1|-1|-1
631|A584|An/T/Theodoros-Angelinos|29|5|1984|-1|-1|-1|0
632|R975|Top-Players/Milos-Raonic|27|12|1990|196|98|1|2008
633|HB31|Ha/J/Johannes-Haerteis|22|2|1996|-1|-1|-1|-1
634|HB35|Ha/M/Maxime-Hamou|8|6|1995|-1|-1|-1|-1
635|CA99|Co/M/Marius-Copil|17|10|1990|190|86|1|2008
636|PC11|Pe/G/Guido-Pella|17|5|1990|185|83|0|2007
637|G476|Top-Players/Guillermo-Garcia-Lopez|4|6|1983|188|82|-1|2002
638|PG04|Po/M/Martins-Podzus|29|6|1994|-1|-1|-1|-1
639|N598|Ni/T/Takuto-Niki|12|10|1987|-1|-1|-1|-1
640|G925|Gr/T/Tihomir-Grozdanov|29|4|1987|-1|-1|-1|-1
641|G922|Gr/G/Gerard-Granollers|30|1|1989|-1|-1|-1|-1
642|ML73|Ma/S/Skander-Mansouri|23|7|1995|-1|-1|1|-1
643|N674|No/D/Dennis-Novikov|6|11|1993|190|79|-1|-1
644|PD94|Pe/D/Dmitri-Perevoshchikov|31|7|1990|-1|-1|-1|-1
645|BD42|Bo/A/Agustin-Boje-Ordonez|19|7|1988|-1|-1|-1|-1
646|V494|Va/A/Antal-Van-Der-Duim|16|9|1987|-1|-1|-1|-1
647|PG94|Po/M/Marc-Polmans|2|5|1997|-1|-1|-1|-1
648|V490|Vi/M/Matteo-Viola|7|7|1987|188|80|1|2004
649|BG63|Be/R/Richard-Becker|29|1|1991|-1|-1|-1|-1
650|E655|El/R/Reda-El-Amrani|19|5|1988|185|82|1|-1
651|SF76|Sk/F/Franko-Skugor|20|9|1987|203|98|1|-1
652|V339|Va/S/Simone-Vagnozzi|30|5|1983|173|60|1|1999
653|K364|Ke/J/Jordan-Kerr|26|10|1979|180|80|1|1998
654|PC68|Pu/T/Tim-Puetz|19|11|1987|-1|-1|1|-1
655|DA02|Du/M/Maxim-Dubarenco|24|6|1993|-1|-1|-1|-1
656|D934|Dr/M/Marin-Draganja|13|5|1991|185|80|1|-1
657|D683|Top-Players/Juan-Martin-Del-Potro|23|9|1988|198|97|1|2005
658|N563|Ne/D/Dennis-Nevolo|22|12|1989|-1|-1|1|-1
659|PD07|Top-Players/Vasek-Pospisil|23|6|1990|193|84|1|2007
660|V942|Va/T/Tim-Van-Rijthoven|24|4|1997|-1|-1|1|-1
661|D833|De/M/Marcelo-Demoliner|18|1|1989|193|90|1|-1
662|GA94|Gu/P/Prajnesh-Gunneswaran|12|11|1989|-1|-1|-1|-1
663|PF36|Pe/D/David-Perez-Sanz|15|5|1994|-1|-1|-1|-1
664|A479|Top-Players/Nicolas-Almagro|21|8|1985|183|84|1|2003
665|F552|Fr/L/Leon-Frost|17|1|1984|-1|-1|-1|-1
666|DB63|Dj/L/Laslo-Djere|2|6|1995|-1|-1|1|-1
667|O408|Oj/R/Ricardo-Ojeda-Lara|26|1|1993|-1|-1|-1|-1
668|PF39|Po/L/Lucas-Pouille|23|2|1994|185|81|1|-1
669|T948|Tr/M/Matteo-Trevisan|13|8|1989|-1|-1|-1|-1
670|B929|Bo/A/Alex-Bogdanovic|22|5|1984|183|74|0|2002
671|BH02|Ba/S/Sekou-Bangoura|18|11|1991|183|77|1|2010
672|TB71|Ta/C/Chaleechan-Tanasugarn|25|12|1993|-1|-1|1|-1
673|TB70|Tr/W/Wishaya-Trongcharoenchaikul|8|4|1995|-1|-1|1|-1
674|H855|Ha/J/Joe-Hatto|14|5|1986|-1|-1|-1|-1
675|HA28|Ho/F/Filip-Horansky|7|1|1993|-1|-1|1|-1
676|M762|Top-Players/Jurgen-Melzer|22|5|1981|183|81|0|1999
677|PB22|Po/P/Peter-Polansky|15|6|1988|180|70|1|2006
678|V306|Top-Players/Fernando-Verdasco|15|11|1983|188|88|0|2001
679|C866|Ch/J/Jose-Checa-Calvo|2|4|1985|-1|-1|-1|-1
680|CH27|Ch/H/Hyeon-Chung|19|5|1996|-1|-1|-1|-1
681|HB86|Ho/N/Nicholas-Horton|18|3|1995|-1|-1|1|-1
682|KD46|Ko/T/Thanasi-Kokkinakis|10|4|1996|196|80|1|-1
683|U061|Un/A/Adrian-Ungur|22|1|1985|178|73|1|2003
684|BF12|Br/P/Pascal-Brunner|11|6|1989|-1|-1|-1|-1
685|TC73|To/D/Dragos-Torge|-1|-1|-1|-1|-1|-1|-1
686|K457|Ko/H/Hiroki-Kondo|5|11|1982|-1|71|1|-1
687|SL09|Sa/R/Raymond-Sarmiento|24|7|1992|-1|-1|-1|-1
688|Y218|Ym/E/Elias-Ymer|10|4|1996|183|79|1|-1
689|BA08|Br/A/Alberto-Brizzi|26|3|1984|-1|-1|1|-1
690|L523|La/M/Michael-Lammer|25|3|1982|185|80|1|-1
691|SC77|Top-Players/Sergiy-Stakhovsky|6|1|1986|193|80|1|2003
692|SJ59|Se/M/Matt-Seeberger|10|8|1984|-1|-1|-1|-1
693|E720|El/A/Adam-El-Mihdawy|9|8|1989|-1|-1|-1|-1
694|N698|Nu/G/Guillermo-Nunez|22|7|1995|-1|-1|-1|-1
695|SE78|Si/A/Adrian-Sikora|5|7|1988|-1|-1|-1|-1
696|SL07|Sa/A/Alexander-Sarkissian|3|4|1990|-1|-1|-1|-1
697|SA93|Top-Players/Andreas-Seppi|21|2|1984|190|75|1|2002
698|MH15|Mi/J/Joshua-Milton|14|10|1989|-1|-1|1|-1
699|MH16|Ma/Y/Yannick-Maden|28|10|1989|-1|-1|-1|-1
700|AD26|Ak/R/Rasul-Akhmadaliev|11|7|1996|-1|-1|-1|-1
701|F733|Fr/M/Mitchell-Frank|16|10|1992|-1|-1|-1|-1
702|CC66|Co/A/Andrea-Collarini|31|1|1992|-1|-1|0|-1
703|G436|Gi/M/Marc-Gicquel|30|3|1977|188|75|1|1999
704|CA71|Co/E/Edward-Corrie|21|2|1988|-1|-1|-1|-1
705|Y171|Ye/D/Denis-Yevseyev|22|5|1993|-1|-1|-1|-1
706|R750|Ri/P/Pere-Riba|7|4|1988|183|79|1|-1
707|SQ48|Sh/R/Ryan-Shane|15|4|1994|-1|-1|-1|-1
708|SM14|Sc/D/Dominik-Schulz|16|3|1992|-1|-1|0|-1
709|CG04|Ca/P/Pedro-Cachin|12|4|1995|-1|-1|1|-1
710|C918|Ch/E/Erik-Chvojka|26|10|1986|185|80|0|2004
711|PB23|Po/M/Milan-Pokrajac|31|10|1987|-1|-1|-1|-1
712|KF24|Ki/T/Timur-Kiuamov|30|10|1996|-1|-1|-1|-1
713|HA95|Ho/K/Karim-Hossam|8|4|1994|-1|-1|1|-1
714|MM66|Mi/N/Nikola-Milojevic|19|1|1995|188|77|1|-1
715|SP24|Sc/B/Brayden-Schnur|4|7|1995|190|84|1|-1
716|F634|Fr/I/Isaac-Frost-F634|6|1|1989|-1|-1|-1|-1
717|GC66|Go/L/Levente-Godry|17|4|1992|-1|-1|-1|-1
718|MM63|Mo/W/Wayne-Montgomery|6|7|1995|-1|-1|-1|-1
719|O324|On/A/Arata-Onozawa|28|4|1988|-1|-1|-1|-1
720|SQ87|Sc/G/Ghilherme-Scarpelli|-1|-1|-1|-1|-1|-1|-1
721|E830|Es/E/Eduard-Esteve-Lobato|18|9|1994|-1|-1|-1|-1
722|E831|Ed/K/Kyle-Edmund|8|1|1995|-1|-1|1|-1
723|M729|Me/G/Giuseppe-Menga|15|12|1976|-1|-1|1|-1
724|KB37|Ki/E/Evan-King|25|3|1992|185|79|0|-1
725|GE33|Ga/D/Daniel-Elahi-Galan|18|6|1996|-1|-1|-1|-1
726|BF17|Br/D/Devin-Britton|17|3|1991|193|84|1|2009
727|BA23|Ba/B/Brian-Baker|30|4|1985|190|77|1|2003
728|SO20|Se/J/Jelle-Sels|10|8|1995|-1|-1|-1|-1
729|K945|Ko/B/Blazej-Koniusz|22|2|1988|-1|-1|-1|-1
730|H704|Hu/J/Jesse-Huta-Galung|6|10|1985|188|88|1|2004
731|A410|Al/T/Thiago-Alves|22|5|1982|178|75|1|2000
732|M873|Top-Players/Nicolas-Mahut|21|1|1982|190|80|1|2000
733|G892|Go/A/Alejandro-Gonzalez-G892|7|2|1989|190|83|1|2006
734|PA97|Pr/N/N-Vijay-Sundar-Prashanth|27|10|1986|-1|-1|-1|-1
735|A789|Au/M/Maxime-Authom|29|3|1987|-1|-1|-1|0
736|M655|Ma/N/Nicolas-Massu|10|10|1979|183|80|1|1997
737|F491|Fe/A/Adam-Feeney|7|3|1985|178|70|1|-1
738|N718|Na/U/Ugo-Nastasi|16|4|1993|-1|-1|1|-1
739|V627|Vo/S/Stanislav-Vovk|19|2|1991|185|69|1|2008
740|K826|Kr/N/Nikita-Kryvonos|1|9|1986|-1|-1|-1|-1
741|A787|Ar/I/Ivan-Arenas-Gualda|31|10|1990|-1|-1|-1|0
742|DA89|De/M/Mate-Delic|29|4|1993|196|84|1|-1
743|LB88|Lu/W/Wojciech-Lutkowski|19|2|1992|-1|-1|1|-1
744|PE02|Pe/D/Danilo-Petrovic|24|1|1992|-1|-1|-1|-1
745|DB64|De/M/Marat-Deviatiarov|19|4|1994|-1|-1|1|-1
746|J525|Ju/I/Isade-Juneau|5|6|1991|-1|-1|-1|-1
747|R934|Re/N/Nicolas-Reissig|7|4|1989|185|84|1|2009
748|KE29|Kh/K/Karen-Khachanov|21|5|1996|198|88|1|-1
749|LB84|Lo/J/Juan-Ignacio-Londero|15|8|1993|-1|-1|1|-1
750|R851|Ro/M/Mathieu-Rodrigues|7|11|1985|180|76|1|2007
751|KC04|Ko/J/Jozef-Kovalik|4|11|1992|-1|-1|-1|-1
752|Z254|Zo/J/Jurgen-Zopp|29|3|1988|190|88|1|2008
753|E757|Eh/H/Hiroyasu-Ehara|18|6|1991|-1|-1|-1|-1
754|MB88|Mi/M/Matwe-Middelkoop|3|9|1983|-1|-1|1|2002
755|CA62|Cr/E/Erik-Crepaldi|4|5|1990|-1|-1|0|-1
756|K596|Ku/A/Alexander-Kudryavtsev|26|10|1985|183|75|1|-1
757|MC65|Top-Players/Gael-Monfils|1|9|1986|193|80|1|2004
758|MJ89|Mi/G/Gianni-Mina|9|2|1992|185|77|1|-1
759|N558|Na/S/N-Sriram-Balaji|18|3|1990|-1|-1|1|-1
760|L837|Lo/M/Michael-Look|24|11|1987|-1|-1|-1|-1
761|V555|Vi/A/Adelchi-Virgili|10|3|1990|-1|-1|-1|-1
762|R895|Re/F/Florian-Reynet|14|4|1986|-1|-1|-1|-1
763|CG80|Co/B/Borna-Coric|14|11|1996|185|79|1|-1
764|G528|Gi/D/Daniele-Giorgini|24|4|1984|180|75|1|2003
765|BD06|Top-Players/Roberto-Bautista-Agut|14|4|1988|183|76|1|-1
766|SF36|Si/I/Igor-Sijsling|18|8|1987|190|87|1|2005
767|P701|Pr/M/Michal-Przysiezny|16|2|1984|185|84|1|2001
768|SO47|Sh/J/Justin-S-Shane|6|3|1992|-1|-1|-1|-1
769|AB12|Ar/I/Isak-Arvidsson|6|8|1992|-1|-1|1|-1
770|AB17|Ar/A/Andres-Artunedo-Martinavarro|14|9|1993|183|75|1|2011
771|SL08|Sa/T/Tennys-Sandgren|22|7|1991|188|88|-1|-1
772|AB18|Au/A/Alejandro-Augusto-Bueno|30|1|1993|-1|-1|-1|-1
773|N691|Ni/Y/Yuqing-Ning|9|5|1994|-1|-1|-1|-1
774|MA49|Ma/R/Rui-Machado|10|4|1984|178|65|1|2002
775|V600|Vo/T/Tucker-Vorster|3|9|1988|-1|-1|-1|-1
776|DA86|De/J/Joris-De-Loore|21|4|1993|-1|-1|-1|-1
777|C786|Ca/K/Kamil-Capkovic|2|6|1986|198|93|1|2005
778|CB66|Cl/J/James-Cluskey|18|8|1986|-1|-1|1|-1
779|F392|Fe/M/Marcel-Felder|9|7|1984|170|76|1|-1
780|D643|Top-Players/Novak-Djokovic|22|5|1987|188|80|1|2003
781|LC58|Li/T/Tomas-Lipovsek-Puches|17|4|1993|-1|-1|-1|-1
782|G602|Gh/A/Andre-Ghem|29|5|1982|193|86|1|2003
783|R805|Ri/S/Sebastian-Rivera|18|9|1986|-1|-1|-1|-1
784|GB93|Go/N/Norbert-Gombos|13|8|1990|196|85|1|2009
785|GB94|Gi/O/Omar-Giacalone|11|1|1992|-1|-1|-1|-1
786|LD05|Li/P/Pietro-Licciardi|17|5|1994|-1|-1|0|-1
787|N707|Na/N/Naoki-Nakagawa|19|11|1996|-1|-1|-1|-1
788|B676|Top-Players/James-Blake|28|12|1979|185|83|1|1999
789|BD83|Bu/A/Alexander-Bury|14|9|1987|-1|-1|-1|-1
790|J380|Ju/J/Jason-Jung|15|6|1989|178|68|1|-1
791|R483|Re/B/Bobby-Reynolds|17|7|1982|183|77|1|2003
792|RC60|Re/J/Jorman-Reyes-RC60|-1|-1|-1|-1|-1|-1|-1
793|HB48|He/C/Calvin-Hemery|28|1|1995|-1|-1|1|-1
794|D893|Dj/M/Marko-Djokovic|20|8|1991|-1|-1|-1|-1
795|N313|Ni/T/Timo-Nieminen|6|10|1981|185|76|1|2000
796|S550|Su/T/Takao-Suzuki|20|9|1976|175|73|1|1995
797|HB41|Hi/J/Jared-Hiltzik|8|7|1994|-1|-1|-1|-1
798|K718|Vo/R/Roman-Vogeli|13|3|1985|-1|-1|-1|-1
799|G876|Go/M/Mao-Xin-Gong|24|8|1987|178|70|1|2006
800|H528|Top-Players/Victor-Hanescu|21|7|1981|198|88|1|2000
801|MK40|Mi/B/Benjamin-Mitchell|30|11|1992|-1|-1|1|2008
802|G978|Ga/M/Marcin-Gawron|25|5|1988|-1|-1|-1|-1
803|Y152|Yu/A/Anil-Yuksel|19|5|1990|-1|-1|0|-1
804|SC73|Du/R/Rogerio-Dutra-Silva|3|2|1984|178|73|1|2010
805|SG01|Sa/S/Sherif-Sabry|29|8|1986|-1|-1|-1|-1
806|L480|Top-Players/Marc-Lopez|31|7|1982|175|72|1|1999
807|BF55|Bh/Y/Yuki-Bhambri|4|7|1992|183|77|1|2008
808|PB98|Pr/P/Patrick-Prader|5|6|1986|-1|-1|-1|-1
809|PC53|Pa/M/Michal-Pazicky|13|12|1987|-1|-1|1|-1
810|O207|Ou/L/Lamine-Ouahab|22|12|1984|185|83|1|2002
811|D878|Do/A/Alexander-Domijan|3|9|1991|-1|-1|-1|-1
812|PJ10|Pa/A/Andrei-Patrui|1|7|1996|-1|-1|-1|-1
813|MG84|Me/N/Nicolas-Meister|15|5|1989|-1|-1|-1|-1
814|I286|Is/T/Temur-Ismailov|14|1|1995|-1|-1|-1|-1
815|R923|Ri/D/David-Rice|1|1|1989|193|90|1|-1
816|MD50|Mi/A/Andre-Miele|12|4|1987|-1|-1|1|-1
817|E784|Es/F/Felipe-Escobar|4|5|1994|-1|-1|-1|-1
818|ME64|My/S/Saketh-Myneni|19|10|1987|-1|-1|-1|-1
819|SN77|Sa/V/Vaclav-Safranek|20|5|1994|-1|-1|-1|-1
